sessionId,time_ms,eventType,posX,posY,section,extra,session_type,session_name
c11b725c,0,LEVEL_START,-709,-304,S00_START,Lab_Tema1_CRISP_PuntosFuga,EXPLORE,exoloresesion001
c11b725c,239,LAND,-709,-392,S00_START,,EXPLORE,exoloresesion001
c11b725c,346,JUMP,-705,-391,S00_START,velX=5 00,EXPLORE,exoloresesion001
c11b725c,1119,SECTION_ENTER,-309,-256,S01_EASY_ENTER,S01_EASY_ENTER,EXPLORE,exoloresesion001
c11b725c,1159,LAND,-289,-264,S01_EASY_ENTER,,EXPLORE,exoloresesion001
c11b725c,4786,JUMP,75,-260,S01_EASY_ENTER,velX=5 00,EXPLORE,exoloresesion001
c11b725c,5679,SECTION_ENTER,-219,-263,S01_EASY_ENTER,S01_EASY_ENTER,EXPLORE,exoloresesion001
c11b725c,5699,LAND,-219,-261,S01_EASY_ENTER,,EXPLORE,exoloresesion001
c11b725c,5794,JUMP,-192,-260,S01_EASY_ENTER,velX=5 00,EXPLORE,exoloresesion001
c11b725c,6339,SECTION_ENTER,91,-258,S01_EASY_ENTER,S01_EASY_ENTER,EXPLORE,exoloresesion001
c11b725c,6379,LAND,111,-264,S01_EASY_ENTER,,EXPLORE,exoloresesion001
c11b725c,6380,JUMP,102,-277,S01_EASY_ENTER,velX=5 00,EXPLORE,exoloresesion001
c11b725c,6819,SECTION_ENTER,331,-249,S01_EASY_ENTER,S01_EASY_ENTER,EXPLORE,exoloresesion001
c11b725c,6859,LAND,351,-261,S01_EASY_ENTER,,EXPLORE,exoloresesion001
c11b725c,6882,JUMP,353,-261,S01_EASY_ENTER,velX=0 00,EXPLORE,exoloresesion001
c11b725c,7779,SECTION_ENTER,-49,-264,S01_EASY_ENTER,S01_EASY_ENTER,EXPLORE,exoloresesion001
c11b725c,7799,LAND,-59,-261,S01_EASY_ENTER,,EXPLORE,exoloresesion001
c11b725c,7858,JUMP,-78,-260,S01_EASY_ENTER,velX=-5 00,EXPLORE,exoloresesion001
c11b725c,8679,SECTION_ENTER,281,-264,S01_EASY_ENTER,S01_EASY_ENTER,EXPLORE,exoloresesion001
c11b725c,8699,LAND,291,-261,S01_EASY_ENTER,,EXPLORE,exoloresesion001
c11b725c,9129,JUMP,496,-260,S01_EASY_ENTER,velX=5 00,EXPLORE,exoloresesion001
c11b725c,9919,LAND,901,-125,S01_EASY_ENTER,,EXPLORE,exoloresesion001
c11b725c,9979,SECTION_ENTER,931,-125,S02_MID_ENTER,S02_MID_ENTER,EXPLORE,exoloresesion001
c11b725c,10154,JUMP,1009,-125,S02_MID_ENTER,velX=5 00,EXPLORE,exoloresesion001
c11b725c,11039,SECTION_ENTER,1251,-128,S02_MID_ENTER,S02_MID_ENTER,EXPLORE,exoloresesion001
c11b725c,11059,LAND,1241,-126,S02_MID_ENTER,,EXPLORE,exoloresesion001
c11b725c,11234,JUMP,1188,-125,S02_MID_ENTER,velX=5 00,EXPLORE,exoloresesion001
c11b725c,11839,SECTION_ENTER,1281,-125,S02_MID_ENTER,S02_MID_ENTER,EXPLORE,exoloresesion001
c11b725c,11859,LAND,1281,-125,S02_MID_ENTER,,EXPLORE,exoloresesion001
c11b725c,11882,JUMP,1281,-125,S02_MID_ENTER,velX=0 00,EXPLORE,exoloresesion001
c11b725c,12279,SECTION_ENTER,1281,-111,S02_MID_ENTER,S02_MID_ENTER,EXPLORE,exoloresesion001
c11b725c,12319,LAND,1281,-125,S02_MID_ENTER,,EXPLORE,exoloresesion001
c11b725c,12320,JUMP,1281,-125,S02_MID_ENTER,velX=0 00,EXPLORE,exoloresesion001
c11b725c,12719,SECTION_ENTER,1281,-112,S02_MID_ENTER,S02_MID_ENTER,EXPLORE,exoloresesion001
c11b725c,12759,LAND,1281,-126,S02_MID_ENTER,,EXPLORE,exoloresesion001
c11b725c,12946,JUMP,1305,-125,S02_MID_ENTER,velX=5 00,EXPLORE,exoloresesion001
c11b725c,13419,SECTION_ENTER,1551,-111,S02_MID_ENTER,S02_MID_ENTER,EXPLORE,exoloresesion001
c11b725c,13459,LAND,1571,-126,S02_MID_ENTER,,EXPLORE,exoloresesion001
c11b725c,13810,JUMP,1586,-125,S02_MID_ENTER,velX=0 00,EXPLORE,exoloresesion001
c11b725c,14199,SECTION_ENTER,1521,-112,S02_MID_ENTER,S02_MID_ENTER,EXPLORE,exoloresesion001
c11b725c,14239,LAND,1501,-126,S02_MID_ENTER,,EXPLORE,exoloresesion001
c11b725c,14240,JUMP,1511,-126,S02_MID_ENTER,velX=-5 00,EXPLORE,exoloresesion001
c11b725c,14639,SECTION_ENTER,1301,-112,S02_MID_ENTER,S02_MID_ENTER,EXPLORE,exoloresesion001
c11b725c,14679,LAND,1281,-126,S02_MID_ENTER,,EXPLORE,exoloresesion001
c11b725c,14680,JUMP,1291,-126,S02_MID_ENTER,velX=-5 00,EXPLORE,exoloresesion001
c11b725c,14786,JUMP,1238,-22,S02_MID_ENTER,velX=-5 00,EXPLORE,exoloresesion001
c11b725c,15279,SECTION_ENTER,981,-113,S02_MID_ENTER,S02_MID_ENTER,EXPLORE,exoloresesion001
c11b725c,15319,LAND,981,-127,S02_MID_ENTER,,EXPLORE,exoloresesion001
c11b725c,15410,JUMP,981,-125,S02_MID_ENTER,velX=5 00,EXPLORE,exoloresesion001
c11b725c,16259,SECTION_ENTER,1151,-113,S02_MID_ENTER,S02_MID_ENTER,EXPLORE,exoloresesion001
c11b725c,16299,LAND,1161,-129,S02_MID_ENTER,,EXPLORE,exoloresesion001
c11b725c,16457,JUMP,1140,-125,S02_MID_ENTER,velX=5 00,EXPLORE,exoloresesion001
c11b725c,17339,SECTION_ENTER,1561,-129,S02_MID_ENTER,S02_MID_ENTER,EXPLORE,exoloresesion001
c11b725c,17359,LAND,1561,-126,S02_MID_ENTER,,EXPLORE,exoloresesion001
c11b725c,18068,JUMP,1836,-127,S02_MID_ENTER,velX=5 00,EXPLORE,exoloresesion001
c11b725c,18879,LAND,2251,-14,S02_MID_ENTER,,EXPLORE,exoloresesion001
c11b725c,19079,SECTION_ENTER,2351,-13,S03_HARD_ENTER,S03_HARD_ENTER,EXPLORE,exoloresesion001
c11b725c,22738,JUMP,2252,-13,S03_HARD_ENTER,velX=-5 00,EXPLORE,exoloresesion001
c11b725c,23719,LAND,1751,-127,S03_HARD_ENTER,,EXPLORE,exoloresesion001
c11b725c,23899,SECTION_ENTER,1661,-125,S02_MID_ENTER,S02_MID_ENTER,EXPLORE,exoloresesion001
c11b725c,25634,JUMP,804,-125,S02_MID_ENTER,velX=-5 00,EXPLORE,exoloresesion001
c11b725c,26599,SECTION_ENTER,311,-244,S01_EASY_ENTER,S01_EASY_ENTER,EXPLORE,exoloresesion001
c11b725c,26639,LAND,291,-264,S01_EASY_ENTER,,EXPLORE,exoloresesion001
c11b725c,28599,LAND,-689,-394,S01_EASY_ENTER,,EXPLORE,exoloresesion001
c11b725c,30490,JUMP,-714,-391,S01_EASY_ENTER,velX=5 00,EXPLORE,exoloresesion001
c11b725c,31259,SECTION_ENTER,-319,-256,S01_EASY_ENTER,S01_EASY_ENTER,EXPLORE,exoloresesion001
c11b725c,31299,LAND,-299,-264,S01_EASY_ENTER,,EXPLORE,exoloresesion001
c11b725c,32809,JUMP,446,-260,S01_EASY_ENTER,velX=5 00,EXPLORE,exoloresesion001
c11b725c,33599,LAND,851,-125,S01_EASY_ENTER,,EXPLORE,exoloresesion001
c11b725c,33759,SECTION_ENTER,931,-125,S02_MID_ENTER,S02_MID_ENTER,EXPLORE,exoloresesion001
c11b725c,35058,JUMP,1571,-125,S02_MID_ENTER,velX=5 00,EXPLORE,exoloresesion001
c11b725c,35939,SECTION_ENTER,1581,-128,S02_MID_ENTER,S02_MID_ENTER,EXPLORE,exoloresesion001
c11b725c,35959,LAND,1591,-126,S02_MID_ENTER,,EXPLORE,exoloresesion001
c11b725c,36481,JUMP,1842,-129,S02_MID_ENTER,velX=5 00,EXPLORE,exoloresesion001
c11b725c,37299,LAND,2261,-14,S02_MID_ENTER,,EXPLORE,exoloresesion001
c11b725c,37479,SECTION_ENTER,2351,-13,S03_HARD_ENTER,S03_HARD_ENTER,EXPLORE,exoloresesion001
c11b725c,41754,JUMP,3259,-13,S03_HARD_ENTER,velX=5 00,EXPLORE,exoloresesion001
c11b725c,42899,DEATH_HAZARD,3827,-398,S03_HARD_ENTER,,EXPLORE,exoloresesion001
c11b725c,42899,RESPAWN,2438,-33,S03_HARD_ENTER,,EXPLORE,exoloresesion001
c11b725c,42919,SECTION_ENTER,2448,-19,S03_HARD_ENTER,S03_HARD_ENTER,EXPLORE,exoloresesion001
c11b725c,42919,LAND,2448,-19,S03_HARD_ENTER,,EXPLORE,exoloresesion001
c11b725c,45012,JUMP,2484,-13,S03_HARD_ENTER,velX=5 00,EXPLORE,exoloresesion001
c11b725c,45699,SECTION_ENTER,2838,-17,S03_HARD_ENTER,S03_HARD_ENTER,EXPLORE,exoloresesion001
c11b725c,45719,LAND,2848,-14,S03_HARD_ENTER,,EXPLORE,exoloresesion001
c11b725c,45720,JUMP,2838,-17,S03_HARD_ENTER,velX=5 00,EXPLORE,exoloresesion001
c11b725c,46019,SECTION_ENTER,2878,-4,S03_HARD_ENTER,S03_HARD_ENTER,EXPLORE,exoloresesion001
c11b725c,46059,LAND,2878,-13,S03_HARD_ENTER,,EXPLORE,exoloresesion001
c11b725c,46093,JUMP,2878,-13,S03_HARD_ENTER,velX=5 00,EXPLORE,exoloresesion001
c11b725c,46599,SECTION_ENTER,2938,-4,S03_HARD_ENTER,S03_HARD_ENTER,EXPLORE,exoloresesion001
c11b725c,46639,LAND,2938,-16,S03_HARD_ENTER,,EXPLORE,exoloresesion001
c11b725c,46640,JUMP,2938,-22,S03_HARD_ENTER,velX=0 00,EXPLORE,exoloresesion001
c11b725c,47159,SECTION_ENTER,2878,-6,S03_HARD_ENTER,S03_HARD_ENTER,EXPLORE,exoloresesion001
c11b725c,47199,LAND,2858,-16,S03_HARD_ENTER,,EXPLORE,exoloresesion001
c11b725c,47258,JUMP,2839,-14,S03_HARD_ENTER,velX=-5 00,EXPLORE,exoloresesion001
c11b725c,47859,SECTION_ENTER,2528,-13,S03_HARD_ENTER,S03_HARD_ENTER,EXPLORE,exoloresesion001
c11b725c,47879,LAND,2518,-13,S03_HARD_ENTER,,EXPLORE,exoloresesion001
c11b725c,47891,JUMP,2522,-13,S03_HARD_ENTER,velX=-5 00,EXPLORE,exoloresesion001
c11b725c,48459,SECTION_ENTER,2698,-1,S03_HARD_ENTER,S03_HARD_ENTER,EXPLORE,exoloresesion001
c11b725c,48499,LAND,2718,-15,S03_HARD_ENTER,,EXPLORE,exoloresesion001
c11b725c,49698,JUMP,3307,-25,S03_HARD_ENTER,velX=5 00,EXPLORE,exoloresesion001
c11b725c,50819,DEATH_HAZARD,3816,-390,S03_HARD_ENTER,,EXPLORE,exoloresesion001
c11b725c,50819,RESPAWN,2438,-33,S03_HARD_ENTER,,EXPLORE,exoloresesion001
c11b725c,50839,SECTION_ENTER,2448,-19,S03_HARD_ENTER,S03_HARD_ENTER,EXPLORE,exoloresesion001
c11b725c,50839,LAND,2448,-19,S03_HARD_ENTER,,EXPLORE,exoloresesion001
c11b725c,52586,JUMP,3311,-27,S03_HARD_ENTER,velX=5 00,EXPLORE,exoloresesion001
c11b725c,53359,LAND,3708,124,S03_HARD_ENTER,,EXPLORE,exoloresesion001
c11b725c,53519,SECTION_ENTER,3788,125,S04_SUPERHARD_ENTER,S04_SUPERHARD_ENTER,EXPLORE,exoloresesion001
c11b725c,54879,GOAL_REACHED,4456,125,S04_SUPERHARD_ENTER,,EXPLORE,exoloresesion001
3755c5bb,0,LEVEL_START,-709,-304,S00_START,Lab_Tema1_CRISP_PuntosFuga,EXPLORE,exoloresesion002
3755c5bb,239,LAND,-709,-392,S00_START,,EXPLORE,exoloresesion002
3755c5bb,407,JUMP,-645,-391,S00_START,velX=5 00,EXPLORE,exoloresesion002
3755c5bb,1119,SECTION_ENTER,-279,-242,S01_EASY_ENTER,S01_EASY_ENTER,EXPLORE,exoloresesion002
3755c5bb,1159,LAND,-259,-260,S01_EASY_ENTER,,EXPLORE,exoloresesion002
3755c5bb,5135,JUMP,499,-260,S01_EASY_ENTER,velX=5 00,EXPLORE,exoloresesion002
3755c5bb,5919,LAND,901,-125,S01_EASY_ENTER,,EXPLORE,exoloresesion002
3755c5bb,5979,SECTION_ENTER,931,-125,S02_MID_ENTER,S02_MID_ENTER,EXPLORE,exoloresesion002
3755c5bb,6799,JUMP,1171,-125,S02_MID_ENTER,velX=0 00,EXPLORE,exoloresesion002
3755c5bb,7299,SECTION_ENTER,1171,-115,S02_MID_ENTER,S02_MID_ENTER,EXPLORE,exoloresesion002
3755c5bb,7339,LAND,1171,-128,S02_MID_ENTER,,EXPLORE,exoloresesion002
3755c5bb,7386,JUMP,1171,-126,S02_MID_ENTER,velX=0 00,EXPLORE,exoloresesion002
3755c5bb,8159,LAND,881,-131,S02_MID_ENTER,,EXPLORE,exoloresesion002
3755c5bb,8662,JUMP,770,-125,S02_MID_ENTER,velX=-5 00,EXPLORE,exoloresesion002
3755c5bb,9639,SECTION_ENTER,271,-245,S01_EASY_ENTER,S01_EASY_ENTER,EXPLORE,exoloresesion002
3755c5bb,9679,LAND,251,-264,S01_EASY_ENTER,,EXPLORE,exoloresesion002
3755c5bb,12094,JUMP,479,-260,S01_EASY_ENTER,velX=5 00,EXPLORE,exoloresesion002
3755c5bb,12879,LAND,881,-125,S01_EASY_ENTER,,EXPLORE,exoloresesion002
3755c5bb,12979,SECTION_ENTER,931,-125,S02_MID_ENTER,S02_MID_ENTER,EXPLORE,exoloresesion002
3755c5bb,14998,JUMP,1461,-125,S02_MID_ENTER,velX=-5 00,EXPLORE,exoloresesion002
3755c5bb,15559,SECTION_ENTER,1401,-112,S02_MID_ENTER,S02_MID_ENTER,EXPLORE,exoloresesion002
3755c5bb,15599,LAND,1391,-127,S02_MID_ENTER,,EXPLORE,exoloresesion002
3755c5bb,15600,JUMP,1401,-133,S02_MID_ENTER,velX=-5 00,EXPLORE,exoloresesion002
3755c5bb,16079,SECTION_ENTER,1151,-113,S02_MID_ENTER,S02_MID_ENTER,EXPLORE,exoloresesion002
3755c5bb,16119,LAND,1131,-127,S02_MID_ENTER,,EXPLORE,exoloresesion002
3755c5bb,16167,JUMP,1117,-126,S02_MID_ENTER,velX=-5 00,EXPLORE,exoloresesion002
3755c5bb,16759,LAND,841,-130,S02_MID_ENTER,,EXPLORE,exoloresesion002
3755c5bb,16760,JUMP,841,-143,S02_MID_ENTER,velX=0 00,EXPLORE,exoloresesion002
3755c5bb,17039,SECTION_ENTER,971,-111,S02_MID_ENTER,S02_MID_ENTER,EXPLORE,exoloresesion002
3755c5bb,17099,LAND,1001,-126,S02_MID_ENTER,,EXPLORE,exoloresesion002
3755c5bb,18718,JUMP,1801,-125,S02_MID_ENTER,velX=5 00,EXPLORE,exoloresesion002
3755c5bb,19799,DEATH_HAZARD,2315,-397,S02_MID_ENTER,,EXPLORE,exoloresesion002
3755c5bb,19799,RESPAWN,993,-145,S02_MID_ENTER,,EXPLORE,exoloresesion002
3755c5bb,19819,SECTION_ENTER,1003,-131,S02_MID_ENTER,S02_MID_ENTER,EXPLORE,exoloresesion002
3755c5bb,19819,LAND,1003,-131,S02_MID_ENTER,,EXPLORE,exoloresesion002
3755c5bb,22139,DEATH_HAZARD,2043,-392,S02_MID_ENTER,,EXPLORE,exoloresesion002
3755c5bb,22139,RESPAWN,993,-145,S02_MID_ENTER,,EXPLORE,exoloresesion002
3755c5bb,22159,SECTION_ENTER,1003,-131,S02_MID_ENTER,S02_MID_ENTER,EXPLORE,exoloresesion002
3755c5bb,22159,LAND,1003,-131,S02_MID_ENTER,,EXPLORE,exoloresesion002
3755c5bb,25510,JUMP,1849,-131,S02_MID_ENTER,velX=5 00,EXPLORE,exoloresesion002
3755c5bb,26319,LAND,2263,-14,S02_MID_ENTER,,EXPLORE,exoloresesion002
3755c5bb,26499,SECTION_ENTER,2353,-13,S03_HARD_ENTER,S03_HARD_ENTER,EXPLORE,exoloresesion002
3755c5bb,27325,JUMP,2710,-13,S03_HARD_ENTER,velX=-5 00,EXPLORE,exoloresesion002
3755c5bb,27939,SECTION_ENTER,2673,-13,S03_HARD_ENTER,S03_HARD_ENTER,EXPLORE,exoloresesion002
3755c5bb,27959,LAND,2683,-13,S03_HARD_ENTER,,EXPLORE,exoloresesion002
3755c5bb,34839,DEATH_HAZARD,2223,-391,S03_HARD_ENTER,,EXPLORE,exoloresesion002
3755c5bb,34839,RESPAWN,2438,-33,S03_HARD_ENTER,,EXPLORE,exoloresesion002
3755c5bb,34859,SECTION_ENTER,2438,-19,S03_HARD_ENTER,S03_HARD_ENTER,EXPLORE,exoloresesion002
3755c5bb,34859,LAND,2438,-19,S03_HARD_ENTER,,EXPLORE,exoloresesion002
3755c5bb,37438,JUMP,3158,-13,S03_HARD_ENTER,velX=5 00,EXPLORE,exoloresesion002
3755c5bb,38319,SECTION_ENTER,3078,-17,S03_HARD_ENTER,S03_HARD_ENTER,EXPLORE,exoloresesion002
3755c5bb,38339,LAND,3078,-14,S03_HARD_ENTER,,EXPLORE,exoloresesion002
3755c5bb,38918,JUMP,3298,-20,S03_HARD_ENTER,velX=5 00,EXPLORE,exoloresesion002
3755c5bb,40059,DEATH_HAZARD,3826,-400,S03_HARD_ENTER,,EXPLORE,exoloresesion002
3755c5bb,40059,RESPAWN,2438,-33,S03_HARD_ENTER,,EXPLORE,exoloresesion002
3755c5bb,40079,SECTION_ENTER,2448,-19,S03_HARD_ENTER,S03_HARD_ENTER,EXPLORE,exoloresesion002
3755c5bb,40079,LAND,2448,-19,S03_HARD_ENTER,,EXPLORE,exoloresesion002
3755c5bb,40870,JUMP,2223,-13,S03_HARD_ENTER,velX=-5 00,EXPLORE,exoloresesion002
3755c5bb,41859,LAND,1718,-127,S03_HARD_ENTER,,EXPLORE,exoloresesion002
3755c5bb,41979,SECTION_ENTER,1658,-125,S02_MID_ENTER,S02_MID_ENTER,EXPLORE,exoloresesion002
3755c5bb,43726,JUMP,795,-125,S02_MID_ENTER,velX=-5 00,EXPLORE,exoloresesion002
3755c5bb,44699,SECTION_ENTER,298,-244,S01_EASY_ENTER,S01_EASY_ENTER,EXPLORE,exoloresesion002
3755c5bb,44739,LAND,278,-264,S01_EASY_ENTER,,EXPLORE,exoloresesion002
3755c5bb,46302,JUMP,-493,-260,S01_EASY_ENTER,velX=-5 00,EXPLORE,exoloresesion002
3755c5bb,46999,LAND,-702,-392,S01_EASY_ENTER,,EXPLORE,exoloresesion002
3755c5bb,47518,JUMP,-642,-391,S01_EASY_ENTER,velX=5 00,EXPLORE,exoloresesion002
3755c5bb,48039,SECTION_ENTER,-372,-242,S01_EASY_ENTER,S01_EASY_ENTER,EXPLORE,exoloresesion002
3755c5bb,48099,LAND,-342,-263,S01_EASY_ENTER,,EXPLORE,exoloresesion002
3755c5bb,48099,JUMP,-352,-273,S01_EASY_ENTER,velX=5 00,EXPLORE,exoloresesion002
3755c5bb,48499,SECTION_ENTER,-152,-250,S01_EASY_ENTER,S01_EASY_ENTER,EXPLORE,exoloresesion002
3755c5bb,48539,LAND,-152,-261,S01_EASY_ENTER,,EXPLORE,exoloresesion002
3755c5bb,48854,JUMP,-179,-260,S01_EASY_ENTER,velX=-5 00,EXPLORE,exoloresesion002
3755c5bb,49419,SECTION_ENTER,-322,-247,S01_EASY_ENTER,S01_EASY_ENTER,EXPLORE,exoloresesion002
3755c5bb,49459,LAND,-302,-262,S01_EASY_ENTER,,EXPLORE,exoloresesion002
3755c5bb,49647,JUMP,-218,-260,S01_EASY_ENTER,velX=5 00,EXPLORE,exoloresesion002
3755c5bb,50539,SECTION_ENTER,228,-263,S01_EASY_ENTER,S01_EASY_ENTER,EXPLORE,exoloresesion002
3755c5bb,50559,LAND,218,-261,S01_EASY_ENTER,,EXPLORE,exoloresesion002
3755c5bb,50682,JUMP,167,-260,S01_EASY_ENTER,velX=-5 00,EXPLORE,exoloresesion002
3755c5bb,51539,SECTION_ENTER,138,-247,S01_EASY_ENTER,S01_EASY_ENTER,EXPLORE,exoloresesion002
3755c5bb,51579,LAND,158,-263,S01_EASY_ENTER,,EXPLORE,exoloresesion002
3755c5bb,52294,JUMP,506,-260,S01_EASY_ENTER,velX=5 00,EXPLORE,exoloresesion002
3755c5bb,53079,LAND,908,-125,S01_EASY_ENTER,,EXPLORE,exoloresesion002
3755c5bb,53139,SECTION_ENTER,938,-125,S02_MID_ENTER,S02_MID_ENTER,EXPLORE,exoloresesion002
3755c5bb,54087,JUMP,1402,-125,S02_MID_ENTER,velX=5 00,EXPLORE,exoloresesion002
3755c5bb,54979,SECTION_ENTER,1088,-128,S02_MID_ENTER,S02_MID_ENTER,EXPLORE,exoloresesion002
3755c5bb,54999,LAND,1078,-126,S02_MID_ENTER,,EXPLORE,exoloresesion002
3755c5bb,56614,JUMP,1806,-125,S02_MID_ENTER,velX=5 00,EXPLORE,exoloresesion002
3755c5bb,57699,DEATH_HAZARD,2315,-397,S02_MID_ENTER,,EXPLORE,exoloresesion002
3755c5bb,57699,RESPAWN,993,-145,S02_MID_ENTER,,EXPLORE,exoloresesion002
3755c5bb,57719,SECTION_ENTER,1003,-131,S02_MID_ENTER,S02_MID_ENTER,EXPLORE,exoloresesion002
3755c5bb,57719,LAND,1003,-131,S02_MID_ENTER,,EXPLORE,exoloresesion002
3755c5bb,59431,JUMP,1849,-131,S02_MID_ENTER,velX=5 00,EXPLORE,exoloresesion002
3755c5bb,60239,LAND,2263,-14,S02_MID_ENTER,,EXPLORE,exoloresesion002
3755c5bb,60419,SECTION_ENTER,2353,-13,S03_HARD_ENTER,S03_HARD_ENTER,EXPLORE,exoloresesion002
3755c5bb,62342,JUMP,3305,-21,S03_HARD_ENTER,velX=5 00,EXPLORE,exoloresesion002
3755c5bb,63479,DEATH_HAZARD,3816,-390,S03_HARD_ENTER,,EXPLORE,exoloresesion002
3755c5bb,63479,RESPAWN,2438,-33,S03_HARD_ENTER,,EXPLORE,exoloresesion002
3755c5bb,63499,SECTION_ENTER,2448,-19,S03_HARD_ENTER,S03_HARD_ENTER,EXPLORE,exoloresesion002
3755c5bb,63499,LAND,2448,-19,S03_HARD_ENTER,,EXPLORE,exoloresesion002
3755c5bb,65166,JUMP,3272,-14,S03_HARD_ENTER,velX=5 00,EXPLORE,exoloresesion002
3755c5bb,66319,DEATH_HAZARD,3826,-398,S03_HARD_ENTER,,EXPLORE,exoloresesion002
3755c5bb,66319,RESPAWN,2438,-33,S03_HARD_ENTER,,EXPLORE,exoloresesion002
3755c5bb,66339,SECTION_ENTER,2448,-19,S03_HARD_ENTER,S03_HARD_ENTER,EXPLORE,exoloresesion002
3755c5bb,66339,LAND,2448,-19,S03_HARD_ENTER,,EXPLORE,exoloresesion002
3755c5bb,68078,JUMP,3308,-25,S03_HARD_ENTER,velX=5 00,EXPLORE,exoloresesion002
3755c5bb,69199,DEATH_HAZARD,3816,-390,S03_HARD_ENTER,,EXPLORE,exoloresesion002
3755c5bb,69199,RESPAWN,2438,-33,S03_HARD_ENTER,,EXPLORE,exoloresesion002
3755c5bb,69219,SECTION_ENTER,2448,-19,S03_HARD_ENTER,S03_HARD_ENTER,EXPLORE,exoloresesion002
3755c5bb,69219,LAND,2448,-19,S03_HARD_ENTER,,EXPLORE,exoloresesion002
3755c5bb,71379,DEATH_HAZARD,3528,-391,S03_HARD_ENTER,,EXPLORE,exoloresesion002
3755c5bb,71379,RESPAWN,2438,-33,S03_HARD_ENTER,,EXPLORE,exoloresesion002
3755c5bb,71399,SECTION_ENTER,2448,-19,S03_HARD_ENTER,S03_HARD_ENTER,EXPLORE,exoloresesion002
3755c5bb,71399,LAND,2448,-19,S03_HARD_ENTER,,EXPLORE,exoloresesion002
3755c5bb,73150,JUMP,3314,-28,S03_HARD_ENTER,velX=5 00,EXPLORE,exoloresesion002
3755c5bb,73919,LAND,3708,124,S03_HARD_ENTER,,EXPLORE,exoloresesion002
3755c5bb,74079,SECTION_ENTER,3788,125,S04_SUPERHARD_ENTER,S04_SUPERHARD_ENTER,EXPLORE,exoloresesion002
3755c5bb,75439,GOAL_REACHED,4456,125,S04_SUPERHARD_ENTER,,EXPLORE,exoloresesion002
1c9f9918,0,LEVEL_START,-709,-304,S00_START,Lab_Tema1_CRISP_PuntosFuga,FAIL,failsesion001
1c9f9918,239,LAND,-709,-392,S00_START,,FAIL,failsesion001
1c9f9918,470,JUMP,-664,-391,S00_START,velX=5 00,FAIL,failsesion001
1c9f9918,1239,SECTION_ENTER,-269,-256,S01_EASY_ENTER,S01_EASY_ENTER,FAIL,failsesion001
1c9f9918,1279,LAND,-249,-264,S01_EASY_ENTER,,FAIL,failsesion001
1c9f9918,2901,JUMP,552,-267,S01_EASY_ENTER,velX=5 00,FAIL,failsesion001
1c9f9918,3659,SECTION_ENTER,941,-118,S02_MID_ENTER,S02_MID_ENTER,FAIL,failsesion001
1c9f9918,3699,LAND,961,-128,S02_MID_ENTER,,FAIL,failsesion001
1c9f9918,6459,DEATH_HAZARD,681,-392,S02_MID_ENTER,,FAIL,failsesion001
1c9f9918,6459,RESPAWN,993,-145,S02_MID_ENTER,,FAIL,failsesion001
1c9f9918,6479,SECTION_ENTER,993,-131,S02_MID_ENTER,S02_MID_ENTER,FAIL,failsesion001
1c9f9918,6479,LAND,993,-131,S02_MID_ENTER,,FAIL,failsesion001
1c9f9918,8244,JUMP,1756,-125,S02_MID_ENTER,velX=5 00,FAIL,failsesion001
1c9f9918,9339,DEATH_HAZARD,2313,-397,S02_MID_ENTER,,FAIL,failsesion001
1c9f9918,9339,RESPAWN,993,-145,S02_MID_ENTER,,FAIL,failsesion001
1c9f9918,9359,SECTION_ENTER,1003,-131,S02_MID_ENTER,S02_MID_ENTER,FAIL,failsesion001
1c9f9918,9359,LAND,1003,-131,S02_MID_ENTER,,FAIL,failsesion001
1c9f9918,11439,DEATH_HAZARD,1853,-392,S02_MID_ENTER,,FAIL,failsesion001
1c9f9918,11439,RESPAWN,993,-145,S02_MID_ENTER,,FAIL,failsesion001
1c9f9918,11459,SECTION_ENTER,993,-131,S02_MID_ENTER,S02_MID_ENTER,FAIL,failsesion001
1c9f9918,11459,LAND,993,-131,S02_MID_ENTER,,FAIL,failsesion001
1c9f9918,11765,JUMP,1116,-125,S02_MID_ENTER,velX=5 00,FAIL,failsesion001
1c9f9918,12279,SECTION_ENTER,1383,-116,S02_MID_ENTER,S02_MID_ENTER,FAIL,failsesion001
1c9f9918,12319,LAND,1403,-128,S02_MID_ENTER,,FAIL,failsesion001
1c9f9918,13117,JUMP,1792,-125,S02_MID_ENTER,velX=5 00,FAIL,failsesion001
1c9f9918,14199,DEATH_HAZARD,2315,-397,S02_MID_ENTER,,FAIL,failsesion001
1c9f9918,14199,RESPAWN,993,-145,S02_MID_ENTER,,FAIL,failsesion001
1c9f9918,14219,SECTION_ENTER,1003,-131,S02_MID_ENTER,S02_MID_ENTER,FAIL,failsesion001
1c9f9918,14219,LAND,1003,-131,S02_MID_ENTER,,FAIL,failsesion001
1c9f9918,15941,JUMP,1854,-133,S02_MID_ENTER,velX=5 00,FAIL,failsesion001
1c9f9918,17019,DEATH_HAZARD,2153,-390,S02_MID_ENTER,,FAIL,failsesion001
1c9f9918,17019,RESPAWN,993,-145,S02_MID_ENTER,,FAIL,failsesion001
1c9f9918,17039,SECTION_ENTER,993,-131,S02_MID_ENTER,S02_MID_ENTER,FAIL,failsesion001
1c9f9918,17039,LAND,993,-131,S02_MID_ENTER,,FAIL,failsesion001
1c9f9918,18881,JUMP,1844,-129,S02_MID_ENTER,velX=5 00,FAIL,failsesion001
1c9f9918,19759,DEATH_HAZARD,2293,-392,S02_MID_ENTER,,FAIL,failsesion001
1c9f9918,19759,RESPAWN,993,-145,S02_MID_ENTER,,FAIL,failsesion001
1c9f9918,19779,SECTION_ENTER,1003,-131,S02_MID_ENTER,S02_MID_ENTER,FAIL,failsesion001
1c9f9918,19779,LAND,1003,-131,S02_MID_ENTER,,FAIL,failsesion001
1c9f9918,21484,JUMP,1846,-130,S02_MID_ENTER,velX=5 00,FAIL,failsesion001
1c9f9918,22299,LAND,2263,-14,S02_MID_ENTER,,FAIL,failsesion001
1c9f9918,22479,SECTION_ENTER,2353,-13,S03_HARD_ENTER,S03_HARD_ENTER,FAIL,failsesion001
1c9f9918,24237,JUMP,3222,-13,S03_HARD_ENTER,velX=5 00,FAIL,failsesion001
1c9f9918,25379,DEATH_HAZARD,3803,-398,S03_HARD_ENTER,,FAIL,failsesion001
1c9f9918,25379,RESPAWN,2438,-33,S03_HARD_ENTER,,FAIL,failsesion001
1c9f9918,25399,SECTION_ENTER,2448,-19,S03_HARD_ENTER,S03_HARD_ENTER,FAIL,failsesion001
1c9f9918,25399,LAND,2448,-19,S03_HARD_ENTER,,FAIL,failsesion001
1c9f9918,27101,JUMP,3289,-17,S03_HARD_ENTER,velX=5 00,FAIL,failsesion001
1c9f9918,28079,DEATH_HAZARD,3598,-391,S03_HARD_ENTER,,FAIL,failsesion001
1c9f9918,28079,RESPAWN,2438,-33,S03_HARD_ENTER,,FAIL,failsesion001
1c9f9918,28099,SECTION_ENTER,2428,-19,S03_HARD_ENTER,S03_HARD_ENTER,FAIL,failsesion001
1c9f9918,28099,LAND,2428,-19,S03_HARD_ENTER,,FAIL,failsesion001
1c9f9918,29039,DEATH_HAZARD,1958,-391,S03_HARD_ENTER,,FAIL,failsesion001
1c9f9918,29039,RESPAWN,2438,-33,S03_HARD_ENTER,,FAIL,failsesion001
1c9f9918,29059,SECTION_ENTER,2428,-19,S03_HARD_ENTER,S03_HARD_ENTER,FAIL,failsesion001
1c9f9918,29059,LAND,2428,-19,S03_HARD_ENTER,,FAIL,failsesion001
1c9f9918,29999,DEATH_HAZARD,1958,-391,S03_HARD_ENTER,,FAIL,failsesion001
1c9f9918,29999,RESPAWN,2438,-33,S03_HARD_ENTER,,FAIL,failsesion001
1c9f9918,30019,SECTION_ENTER,2428,-19,S03_HARD_ENTER,S03_HARD_ENTER,FAIL,failsesion001
1c9f9918,30019,LAND,2428,-19,S03_HARD_ENTER,,FAIL,failsesion001
1c9f9918,30429,JUMP,2233,-13,S03_HARD_ENTER,velX=-5 00,FAIL,failsesion001
1c9f9918,31319,LAND,1778,-132,S03_HARD_ENTER,,FAIL,failsesion001
1c9f9918,31559,SECTION_ENTER,1658,-125,S02_MID_ENTER,S02_MID_ENTER,FAIL,failsesion001
1c9f9918,31981,JUMP,1639,-125,S02_MID_ENTER,velX=5 00,FAIL,failsesion001
1c9f9918,33079,DEATH_HAZARD,2198,-397,S02_MID_ENTER,,FAIL,failsesion001
1c9f9918,33079,RESPAWN,993,-145,S02_MID_ENTER,,FAIL,failsesion001
1c9f9918,33099,SECTION_ENTER,1003,-131,S02_MID_ENTER,S02_MID_ENTER,FAIL,failsesion001
1c9f9918,33099,LAND,1003,-131,S02_MID_ENTER,,FAIL,failsesion001
1c9f9918,34604,JUMP,1686,-125,S02_MID_ENTER,velX=5 00,FAIL,failsesion001
1c9f9918,35699,DEATH_HAZARD,2243,-397,S02_MID_ENTER,,FAIL,failsesion001
1c9f9918,35699,RESPAWN,993,-145,S02_MID_ENTER,,FAIL,failsesion001
1c9f9918,35719,SECTION_ENTER,1003,-131,S02_MID_ENTER,S02_MID_ENTER,FAIL,failsesion001
1c9f9918,35719,LAND,1003,-131,S02_MID_ENTER,,FAIL,failsesion001
1c9f9918,37469,JUMP,1868,-140,S02_MID_ENTER,velX=5 00,FAIL,failsesion001
1c9f9918,38279,LAND,2283,-17,S02_MID_ENTER,,FAIL,failsesion001
1c9f9918,38419,SECTION_ENTER,2353,-13,S03_HARD_ENTER,S03_HARD_ENTER,FAIL,failsesion001
1c9f9918,39339,DEATH_HAZARD,1963,-391,S03_HARD_ENTER,,FAIL,failsesion001
1c9f9918,39339,RESPAWN,2438,-33,S03_HARD_ENTER,,FAIL,failsesion001
1c9f9918,39359,SECTION_ENTER,2428,-19,S03_HARD_ENTER,S03_HARD_ENTER,FAIL,failsesion001
1c9f9918,39359,LAND,2428,-19,S03_HARD_ENTER,,FAIL,failsesion001
1c9f9918,40299,DEATH_HAZARD,1958,-391,S03_HARD_ENTER,,FAIL,failsesion001
1c9f9918,40299,RESPAWN,2438,-33,S03_HARD_ENTER,,FAIL,failsesion001
1c9f9918,40319,SECTION_ENTER,2428,-19,S03_HARD_ENTER,S03_HARD_ENTER,FAIL,failsesion001
1c9f9918,40319,LAND,2428,-19,S03_HARD_ENTER,,FAIL,failsesion001
1c9f9918,40758,JUMP,2219,-13,S03_HARD_ENTER,velX=-5 00,FAIL,failsesion001
1c9f9918,41739,LAND,1748,-127,S03_HARD_ENTER,,FAIL,failsesion001
1c9f9918,42339,DEATH_HAZARD,2048,-392,S03_HARD_ENTER,,FAIL,failsesion001
1c9f9918,42339,RESPAWN,993,-145,S03_HARD_ENTER,,FAIL,failsesion001
1c9f9918,42359,SECTION_ENTER,1003,-131,S02_MID_ENTER,S02_MID_ENTER,FAIL,failsesion001
1c9f9918,42359,LAND,1003,-131,S02_MID_ENTER,,FAIL,failsesion001
1c9f9918,44439,DEATH_HAZARD,2043,-392,S02_MID_ENTER,,FAIL,failsesion001
1c9f9918,44439,RESPAWN,993,-145,S02_MID_ENTER,,FAIL,failsesion001
1c9f9918,44459,SECTION_ENTER,1003,-131,S02_MID_ENTER,S02_MID_ENTER,FAIL,failsesion001
1c9f9918,44459,LAND,1003,-131,S02_MID_ENTER,,FAIL,failsesion001
1c9f9918,46539,DEATH_HAZARD,2043,-392,S02_MID_ENTER,,FAIL,failsesion001
1c9f9918,46539,RESPAWN,993,-145,S02_MID_ENTER,,FAIL,failsesion001
1c9f9918,46559,SECTION_ENTER,1003,-131,S02_MID_ENTER,S02_MID_ENTER,FAIL,failsesion001
1c9f9918,46559,LAND,1003,-131,S02_MID_ENTER,,FAIL,failsesion001
1c9f9918,48293,JUMP,1860,-135,S02_MID_ENTER,velX=5 00,FAIL,failsesion001
1c9f9918,49099,LAND,2273,-16,S02_MID_ENTER,,FAIL,failsesion001
1c9f9918,49259,SECTION_ENTER,2353,-13,S03_HARD_ENTER,S03_HARD_ENTER,FAIL,failsesion001
1c9f9918,51212,JUMP,3320,-29,S03_HARD_ENTER,velX=5 00,FAIL,failsesion001
1c9f9918,51979,LAND,3713,124,S03_HARD_ENTER,,FAIL,failsesion001
1c9f9918,52119,SECTION_ENTER,3783,125,S04_SUPERHARD_ENTER,S04_SUPERHARD_ENTER,FAIL,failsesion001
1c9f9918,53499,GOAL_REACHED,4457,125,S04_SUPERHARD_ENTER,,FAIL,failsesion001
7109f783,0,LEVEL_START,-709,-304,S00_START,Lab_Tema1_CRISP_PuntosFuga,FAIL,failsesion002
7109f783,239,LAND,-709,-392,S00_START,,FAIL,failsesion002
7109f783,472,JUMP,-642,-391,S00_START,velX=5 00,FAIL,failsesion002
7109f783,1179,SECTION_ENTER,-279,-242,S01_EASY_ENTER,S01_EASY_ENTER,FAIL,failsesion002
7109f783,1219,LAND,-259,-260,S01_EASY_ENTER,,FAIL,failsesion002
7109f783,2456,JUMP,350,-260,S01_EASY_ENTER,velX=5 00,FAIL,failsesion002
7109f783,3459,DEATH_HAZARD,840,-395,S01_EASY_ENTER,,FAIL,failsesion002
7109f783,3459,RESPAWN,-312,-280,S01_EASY_ENTER,,FAIL,failsesion002
7109f783,3479,SECTION_ENTER,-302,-265,S01_EASY_ENTER,S01_EASY_ENTER,FAIL,failsesion002
7109f783,3479,LAND,-302,-265,S01_EASY_ENTER,,FAIL,failsesion002
7109f783,5104,JUMP,501,-260,S01_EASY_ENTER,velX=5 00,FAIL,failsesion002
7109f783,5899,LAND,908,-125,S01_EASY_ENTER,,FAIL,failsesion002
7109f783,5959,SECTION_ENTER,938,-125,S02_MID_ENTER,S02_MID_ENTER,FAIL,failsesion002
7109f783,7624,JUMP,1760,-125,S02_MID_ENTER,velX=5 00,FAIL,failsesion002
7109f783,8719,DEATH_HAZARD,2318,-396,S02_MID_ENTER,,FAIL,failsesion002
7109f783,8719,RESPAWN,993,-145,S02_MID_ENTER,,FAIL,failsesion002
7109f783,8739,SECTION_ENTER,1003,-131,S02_MID_ENTER,S02_MID_ENTER,FAIL,failsesion002
7109f783,8739,LAND,1003,-131,S02_MID_ENTER,,FAIL,failsesion002
7109f783,10819,DEATH_HAZARD,1873,-392,S02_MID_ENTER,,FAIL,failsesion002
7109f783,10819,RESPAWN,993,-145,S02_MID_ENTER,,FAIL,failsesion002
7109f783,10839,SECTION_ENTER,993,-131,S02_MID_ENTER,S02_MID_ENTER,FAIL,failsesion002
7109f783,10839,LAND,993,-131,S02_MID_ENTER,,FAIL,failsesion002
7109f783,12880,JUMP,1854,-132,S02_MID_ENTER,velX=5 00,FAIL,failsesion002
7109f783,13699,LAND,2273,-16,S02_MID_ENTER,,FAIL,failsesion002
7109f783,14419,DEATH_HAZARD,2073,-391,S02_MID_ENTER,,FAIL,failsesion002
7109f783,14419,RESPAWN,2438,-33,S02_MID_ENTER,,FAIL,failsesion002
7109f783,14439,SECTION_ENTER,2438,-19,S03_HARD_ENTER,S03_HARD_ENTER,FAIL,failsesion002
7109f783,14439,LAND,2438,-19,S03_HARD_ENTER,,FAIL,failsesion002
7109f783,16240,JUMP,3248,-13,S03_HARD_ENTER,velX=5 00,FAIL,failsesion002
7109f783,17279,DEATH_HAZARD,3778,-392,S03_HARD_ENTER,,FAIL,failsesion002
7109f783,17279,RESPAWN,2438,-33,S03_HARD_ENTER,,FAIL,failsesion002
7109f783,17299,SECTION_ENTER,2448,-19,S03_HARD_ENTER,S03_HARD_ENTER,FAIL,failsesion002
7109f783,17299,LAND,2448,-19,S03_HARD_ENTER,,FAIL,failsesion002
7109f783,18648,JUMP,3113,-13,S03_HARD_ENTER,velX=5 00,FAIL,failsesion002
7109f783,19799,DEATH_HAZARD,3698,-398,S03_HARD_ENTER,,FAIL,failsesion002
7109f783,19799,RESPAWN,2438,-33,S03_HARD_ENTER,,FAIL,failsesion002
7109f783,19819,SECTION_ENTER,2448,-19,S03_HARD_ENTER,S03_HARD_ENTER,FAIL,failsesion002
7109f783,19819,LAND,2448,-19,S03_HARD_ENTER,,FAIL,failsesion002
7109f783,21418,JUMP,3237,-13,S03_HARD_ENTER,velX=5 00,FAIL,failsesion002
7109f783,22559,DEATH_HAZARD,3818,-398,S03_HARD_ENTER,,FAIL,failsesion002
7109f783,22559,RESPAWN,2438,-33,S03_HARD_ENTER,,FAIL,failsesion002
7109f783,22579,SECTION_ENTER,2448,-19,S03_HARD_ENTER,S03_HARD_ENTER,FAIL,failsesion002
7109f783,22579,LAND,2448,-19,S03_HARD_ENTER,,FAIL,failsesion002
7109f783,24552,JUMP,2202,-16,S03_HARD_ENTER,velX=-5 00,FAIL,failsesion002
7109f783,25539,LAND,1708,-128,S03_HARD_ENTER,,FAIL,failsesion002
7109f783,25700,JUMP,1749,-125,S03_HARD_ENTER,velX=5 00,FAIL,failsesion002
7109f783,26799,DEATH_HAZARD,2308,-397,S03_HARD_ENTER,,FAIL,failsesion002
7109f783,26799,RESPAWN,993,-145,S03_HARD_ENTER,,FAIL,failsesion002
7109f783,26819,SECTION_ENTER,1003,-131,S02_MID_ENTER,S02_MID_ENTER,FAIL,failsesion002
7109f783,26819,LAND,1003,-131,S02_MID_ENTER,,FAIL,failsesion002
7109f783,28304,JUMP,1735,-125,S02_MID_ENTER,velX=5 00,FAIL,failsesion002
7109f783,29399,DEATH_HAZARD,2293,-397,S02_MID_ENTER,,FAIL,failsesion002
7109f783,29399,RESPAWN,993,-145,S02_MID_ENTER,,FAIL,failsesion002
7109f783,29419,SECTION_ENTER,1003,-131,S02_MID_ENTER,S02_MID_ENTER,FAIL,failsesion002
7109f783,29419,LAND,1003,-131,S02_MID_ENTER,,FAIL,failsesion002
7109f783,30832,JUMP,1699,-125,S02_MID_ENTER,velX=5 00,FAIL,failsesion002
7109f783,31919,DEATH_HAZARD,2253,-397,S02_MID_ENTER,,FAIL,failsesion002
7109f783,31919,RESPAWN,993,-145,S02_MID_ENTER,,FAIL,failsesion002
7109f783,31939,SECTION_ENTER,1003,-131,S02_MID_ENTER,S02_MID_ENTER,FAIL,failsesion002
7109f783,31939,LAND,1003,-131,S02_MID_ENTER,,FAIL,failsesion002
7109f783,34019,DEATH_HAZARD,2043,-392,S02_MID_ENTER,,FAIL,failsesion002
7109f783,34019,RESPAWN,993,-145,S02_MID_ENTER,,FAIL,failsesion002
7109f783,34039,SECTION_ENTER,1003,-131,S02_MID_ENTER,S02_MID_ENTER,FAIL,failsesion002
7109f783,34039,LAND,1003,-131,S02_MID_ENTER,,FAIL,failsesion002
7109f783,35696,JUMP,1821,-125,S02_MID_ENTER,velX=5 00,FAIL,failsesion002
7109f783,36779,DEATH_HAZARD,2315,-397,S02_MID_ENTER,,FAIL,failsesion002
7109f783,36779,RESPAWN,993,-145,S02_MID_ENTER,,FAIL,failsesion002
7109f783,36799,SECTION_ENTER,1003,-131,S02_MID_ENTER,S02_MID_ENTER,FAIL,failsesion002
7109f783,36799,LAND,1003,-131,S02_MID_ENTER,,FAIL,failsesion002
7109f783,38496,JUMP,1105,-125,S02_MID_ENTER,velX=-5 00,FAIL,failsesion002
7109f783,39579,DEATH_HAZARD,553,-397,S02_MID_ENTER,,FAIL,failsesion002
7109f783,39579,RESPAWN,993,-145,S02_MID_ENTER,,FAIL,failsesion002
7109f783,39599,SECTION_ENTER,983,-131,S02_MID_ENTER,S02_MID_ENTER,FAIL,failsesion002
7109f783,39599,LAND,983,-131,S02_MID_ENTER,,FAIL,failsesion002
7109f783,40459,DEATH_HAZARD,850,-392,S02_MID_ENTER,,FAIL,failsesion002
7109f783,40459,RESPAWN,993,-145,S02_MID_ENTER,,FAIL,failsesion002
7109f783,40479,SECTION_ENTER,1003,-131,S02_MID_ENTER,S02_MID_ENTER,FAIL,failsesion002
7109f783,40479,LAND,1003,-131,S02_MID_ENTER,,FAIL,failsesion002
7109f783,42224,JUMP,1865,-138,S02_MID_ENTER,velX=5 00,FAIL,failsesion002
7109f783,43039,LAND,2283,-17,S02_MID_ENTER,,FAIL,failsesion002
7109f783,43179,SECTION_ENTER,2353,-13,S03_HARD_ENTER,S03_HARD_ENTER,FAIL,failsesion002
7109f783,45539,DEATH_HAZARD,3533,-391,S03_HARD_ENTER,,FAIL,failsesion002
7109f783,45539,RESPAWN,2438,-33,S03_HARD_ENTER,,FAIL,failsesion002
7109f783,45559,SECTION_ENTER,2448,-19,S03_HARD_ENTER,S03_HARD_ENTER,FAIL,failsesion002
7109f783,45559,LAND,2448,-19,S03_HARD_ENTER,,FAIL,failsesion002
7109f783,47240,JUMP,3279,-15,S03_HARD_ENTER,velX=5 00,FAIL,failsesion002
7109f783,48399,DEATH_HAZARD,3826,-399,S03_HARD_ENTER,,FAIL,failsesion002
7109f783,48399,RESPAWN,2438,-33,S03_HARD_ENTER,,FAIL,failsesion002
7109f783,48419,SECTION_ENTER,2448,-19,S03_HARD_ENTER,S03_HARD_ENTER,FAIL,failsesion002
7109f783,48419,LAND,2448,-19,S03_HARD_ENTER,,FAIL,failsesion002
7109f783,50152,JUMP,3305,-23,S03_HARD_ENTER,velX=5 00,FAIL,failsesion002
7109f783,51279,DEATH_HAZARD,3816,-390,S03_HARD_ENTER,,FAIL,failsesion002
7109f783,51279,RESPAWN,2438,-33,S03_HARD_ENTER,,FAIL,failsesion002
7109f783,51299,SECTION_ENTER,2448,-19,S03_HARD_ENTER,S03_HARD_ENTER,FAIL,failsesion002
7109f783,51299,LAND,2448,-19,S03_HARD_ENTER,,FAIL,failsesion002
7109f783,53459,DEATH_HAZARD,3528,-391,S03_HARD_ENTER,,FAIL,failsesion002
7109f783,53459,RESPAWN,2438,-33,S03_HARD_ENTER,,FAIL,failsesion002
7109f783,53479,SECTION_ENTER,2448,-19,S03_HARD_ENTER,S03_HARD_ENTER,FAIL,failsesion002
7109f783,53479,LAND,2448,-19,S03_HARD_ENTER,,FAIL,failsesion002
7109f783,55192,JUMP,3295,-19,S03_HARD_ENTER,velX=5 00,FAIL,failsesion002
7109f783,56339,DEATH_HAZARD,3826,-400,S03_HARD_ENTER,,FAIL,failsesion002
7109f783,56339,RESPAWN,2438,-33,S03_HARD_ENTER,,FAIL,failsesion002
7109f783,56359,SECTION_ENTER,2448,-19,S03_HARD_ENTER,S03_HARD_ENTER,FAIL,failsesion002
7109f783,56359,LAND,2448,-19,S03_HARD_ENTER,,FAIL,failsesion002
7109f783,58099,JUMP,3308,-25,S03_HARD_ENTER,velX=5 00,FAIL,failsesion002
7109f783,59219,DEATH_HAZARD,3816,-390,S03_HARD_ENTER,,FAIL,failsesion002
7109f783,59219,RESPAWN,2438,-33,S03_HARD_ENTER,,FAIL,failsesion002
7109f783,59239,SECTION_ENTER,2448,-19,S03_HARD_ENTER,S03_HARD_ENTER,FAIL,failsesion002
7109f783,59239,LAND,2448,-19,S03_HARD_ENTER,,FAIL,failsesion002
7109f783,60976,JUMP,3306,-24,S03_HARD_ENTER,velX=5 00,FAIL,failsesion002
7109f783,62099,DEATH_HAZARD,3816,-390,S03_HARD_ENTER,,FAIL,failsesion002
7109f783,62099,RESPAWN,2438,-33,S03_HARD_ENTER,,FAIL,failsesion002
7109f783,62119,SECTION_ENTER,2448,-19,S03_HARD_ENTER,S03_HARD_ENTER,FAIL,failsesion002
7109f783,62119,LAND,2448,-19,S03_HARD_ENTER,,FAIL,failsesion002
7109f783,63864,JUMP,3311,-26,S03_HARD_ENTER,velX=5 00,FAIL,failsesion002
7109f783,64639,LAND,3708,124,S03_HARD_ENTER,,FAIL,failsesion002
7109f783,64799,SECTION_ENTER,3788,125,S04_SUPERHARD_ENTER,S04_SUPERHARD_ENTER,FAIL,failsesion002
7109f783,66159,GOAL_REACHED,4456,125,S04_SUPERHARD_ENTER,,FAIL,failsesion002
b10a5123,0,LEVEL_START,-709,-304,S00_START,Lab_Tema1_CRISP_PuntosFuga,NORMAL,normalsesion001
b10a5123,239,LAND,-709,-392,S00_START,,NORMAL,normalsesion001
b10a5123,439,JUMP,-669,-391,S00_START,velX=5 00,NORMAL,normalsesion001
b10a5123,1099,SECTION_ENTER,-329,-257,S01_EASY_ENTER,S01_EASY_ENTER,NORMAL,normalsesion001
b10a5123,1139,LAND,-309,-264,S01_EASY_ENTER,,NORMAL,normalsesion001
b10a5123,2794,JUMP,508,-260,S01_EASY_ENTER,velX=5 00,NORMAL,normalsesion001
b10a5123,3579,LAND,911,-125,S01_EASY_ENTER,,NORMAL,normalsesion001
b10a5123,3619,SECTION_ENTER,931,-125,S02_MID_ENTER,S02_MID_ENTER,NORMAL,normalsesion001
b10a5123,5434,JUMP,1828,-126,S02_MID_ENTER,velX=5 00,NORMAL,normalsesion001
b10a5123,6519,DEATH_HAZARD,2315,-397,S02_MID_ENTER,,NORMAL,normalsesion001
b10a5123,6519,RESPAWN,993,-145,S02_MID_ENTER,,NORMAL,normalsesion001
b10a5123,6539,SECTION_ENTER,1003,-131,S02_MID_ENTER,S02_MID_ENTER,NORMAL,normalsesion001
b10a5123,6539,LAND,1003,-131,S02_MID_ENTER,,NORMAL,normalsesion001
b10a5123,8242,JUMP,1844,-129,S02_MID_ENTER,velX=5 00,NORMAL,normalsesion001
b10a5123,9059,LAND,2263,-14,S02_MID_ENTER,,NORMAL,normalsesion001
b10a5123,9239,SECTION_ENTER,2353,-13,S03_HARD_ENTER,S03_HARD_ENTER,NORMAL,normalsesion001
b10a5123,11178,JUMP,3312,-25,S03_HARD_ENTER,velX=5 00,NORMAL,normalsesion001
b10a5123,12299,DEATH_HAZARD,3816,-390,S03_HARD_ENTER,,NORMAL,normalsesion001
b10a5123,12299,RESPAWN,2438,-33,S03_HARD_ENTER,,NORMAL,normalsesion001
b10a5123,12319,SECTION_ENTER,2448,-19,S03_HARD_ENTER,S03_HARD_ENTER,NORMAL,normalsesion001
b10a5123,12319,LAND,2448,-19,S03_HARD_ENTER,,NORMAL,normalsesion001
b10a5123,14479,DEATH_HAZARD,3528,-391,S03_HARD_ENTER,,NORMAL,normalsesion001
b10a5123,14479,RESPAWN,2438,-33,S03_HARD_ENTER,,NORMAL,normalsesion001
b10a5123,14499,SECTION_ENTER,2448,-19,S03_HARD_ENTER,S03_HARD_ENTER,NORMAL,normalsesion001
b10a5123,14499,LAND,2448,-19,S03_HARD_ENTER,,NORMAL,normalsesion001
b10a5123,16659,DEATH_HAZARD,3528,-391,S03_HARD_ENTER,,NORMAL,normalsesion001
b10a5123,16659,RESPAWN,2438,-33,S03_HARD_ENTER,,NORMAL,normalsesion001
b10a5123,16679,SECTION_ENTER,2448,-19,S03_HARD_ENTER,S03_HARD_ENTER,NORMAL,normalsesion001
b10a5123,16679,LAND,2448,-19,S03_HARD_ENTER,,NORMAL,normalsesion001
b10a5123,18434,JUMP,3315,-29,S03_HARD_ENTER,velX=5 00,NORMAL,normalsesion001
b10a5123,19199,LAND,3708,124,S03_HARD_ENTER,,NORMAL,normalsesion001
b10a5123,19359,SECTION_ENTER,3788,125,S04_SUPERHARD_ENTER,S04_SUPERHARD_ENTER,NORMAL,normalsesion001
b10a5123,20719,GOAL_REACHED,4456,125,S04_SUPERHARD_ENTER,,NORMAL,normalsesion001
39c700ef,0,LEVEL_START,-709,-304,S00_START,Lab_Tema1_CRISP_PuntosFuga,NORMAL,normalsesion002
39c700ef,239,LAND,-709,-392,S00_START,,NORMAL,normalsesion002
39c700ef,429,JUMP,-674,-391,S00_START,velX=5 00,NORMAL,normalsesion002
39c700ef,1099,SECTION_ENTER,-329,-257,S01_EASY_ENTER,S01_EASY_ENTER,NORMAL,normalsesion002
39c700ef,1139,LAND,-309,-264,S01_EASY_ENTER,,NORMAL,normalsesion002
39c700ef,2685,JUMP,454,-260,S01_EASY_ENTER,velX=5 00,NORMAL,normalsesion002
39c700ef,3479,LAND,861,-125,S01_EASY_ENTER,,NORMAL,normalsesion002
39c700ef,3619,SECTION_ENTER,931,-125,S02_MID_ENTER,S02_MID_ENTER,NORMAL,normalsesion002
39c700ef,5453,JUMP,1838,-128,S02_MID_ENTER,velX=5 00,NORMAL,normalsesion002
39c700ef,6259,LAND,2251,-14,S02_MID_ENTER,,NORMAL,normalsesion002
39c700ef,6459,SECTION_ENTER,2351,-13,S03_HARD_ENTER,S03_HARD_ENTER,NORMAL,normalsesion002
39c700ef,8819,DEATH_HAZARD,3531,-391,S03_HARD_ENTER,,NORMAL,normalsesion002
39c700ef,8819,RESPAWN,2438,-33,S03_HARD_ENTER,,NORMAL,normalsesion002
39c700ef,8839,SECTION_ENTER,2448,-19,S03_HARD_ENTER,S03_HARD_ENTER,NORMAL,normalsesion002
39c700ef,8839,LAND,2448,-19,S03_HARD_ENTER,,NORMAL,normalsesion002
39c700ef,10565,JUMP,3301,-22,S03_HARD_ENTER,velX=5 00,NORMAL,normalsesion002
39c700ef,11699,DEATH_HAZARD,3816,-390,S03_HARD_ENTER,,NORMAL,normalsesion002
39c700ef,11699,RESPAWN,2438,-33,S03_HARD_ENTER,,NORMAL,normalsesion002
39c700ef,11719,SECTION_ENTER,2448,-19,S03_HARD_ENTER,S03_HARD_ENTER,NORMAL,normalsesion002
39c700ef,11719,LAND,2448,-19,S03_HARD_ENTER,,NORMAL,normalsesion002
39c700ef,13469,JUMP,3313,-28,S03_HARD_ENTER,velX=5 00,NORMAL,normalsesion002
39c700ef,14239,LAND,3708,124,S03_HARD_ENTER,,NORMAL,normalsesion002
39c700ef,14399,SECTION_ENTER,3788,125,S04_SUPERHARD_ENTER,S04_SUPERHARD_ENTER,NORMAL,normalsesion002
39c700ef,15759,GOAL_REACHED,4456,125,S04_SUPERHARD_ENTER,,NORMAL,normalsesion002
7c25f709,0,LEVEL_START,-709,-304,S00_START,Lab_Tema1_CRISP_PuntosFuga,NORMAL,normalsesion003
7c25f709,239,LAND,-709,-392,S00_START,,NORMAL,normalsesion003
7c25f709,463,JUMP,-677,-391,S00_START,velX=5 00,NORMAL,normalsesion003
7c25f709,1219,SECTION_ENTER,-289,-250,S01_EASY_ENTER,S01_EASY_ENTER,NORMAL,normalsesion003
7c25f709,1259,LAND,-269,-262,S01_EASY_ENTER,,NORMAL,normalsesion003
7c25f709,2891,JUMP,537,-262,S01_EASY_ENTER,velX=5 00,NORMAL,normalsesion003
7c25f709,3659,SECTION_ENTER,931,-128,S02_MID_ENTER,S02_MID_ENTER,NORMAL,normalsesion003
7c25f709,3679,LAND,941,-126,S02_MID_ENTER,,NORMAL,normalsesion003
7c25f709,5535,JUMP,1859,-136,S02_MID_ENTER,velX=5 00,NORMAL,normalsesion003
7c25f709,6339,LAND,2271,-16,S02_MID_ENTER,,NORMAL,normalsesion003
7c25f709,6499,SECTION_ENTER,2351,-13,S03_HARD_ENTER,S03_HARD_ENTER,NORMAL,normalsesion003
7c25f709,8455,JUMP,3319,-29,S03_HARD_ENTER,velX=5 00,NORMAL,normalsesion003
7c25f709,9219,LAND,3711,124,S03_HARD_ENTER,,NORMAL,normalsesion003
7c25f709,9359,SECTION_ENTER,3781,125,S04_SUPERHARD_ENTER,S04_SUPERHARD_ENTER,NORMAL,normalsesion003
7c25f709,10739,GOAL_REACHED,4457,125,S04_SUPERHARD_ENTER,,NORMAL,normalsesion003
